name,category,address,phone,website,rating,review_count,place_id,lat,lng
Foel Farm Park | Parc Fferm Foel,activities,"Brynsiencyn, Llanfairpwllgwyngyll LL61 6TQ, UK",01248 430646,http://www.foelfarm.co.uk/,4.7,1106,ChIJg4I4DmyvZUgRovwwK3mE-K0,53.158399,-4.283064
Pili Palas Nature World,activities,"Ffordd Penmynydd, Menai Bridge LL59 5RP, UK",01248 712474,http://www.pilipalas.co.uk/,4.4,2466,ChIJWQTuRyGqZUgRuRulIZ4Hf2E,53.235083,-4.186548
Seawake,activities,"40 High St, Menai Bridge LL59 5EF, UK",01248 716335,http://www.seawake.co.uk/,4.8,88,ChIJMa0gcfmpZUgRM78CeYFo69U,53.227198,-4.162293
Hootons Homegrown Farm Shop,shops,"Pringles, Llanfairpwllgwyngyll LL61 5UJ, UK",01248 430322,https://www.hootonshomegrown.co.uk/farm-shops/,4.8,10,ChIJu_kBo-epZUgRwGQmz0VIjKs,53.221019,-4.210445
Penmon Point,activities,"8RP, Unnamed Road, Beaumaris LL58 8RP, UK",,https://www.thebeachguide.co.uk/north-wales/anglesey/penmon-point-beach.htm,4.7,3291,ChIJDUSaPBACZUgRbUoQfH2EJhY,53.311235,-4.041524
Oriel Cemaes Gallery,shops,"16 High St, Cemaes Bay LL67 0HH, UK",01407 711300,,4.8,19,ChIJobhZxmFOZEgRcceIKf5JX_g,53.412243,-4.451592
Starida Puffin Island Cruises and Sea Fishing Trips,activities,"Starida Booking Kiosks, Beaumaris LL58 8BS, UK",01248 810379,https://starida.co.uk/,4.6,427,ChIJDTI8QBoBZUgRnHIslj8fK9w,53.262752,-4.091229
Y Morfa,eat-and-drink,"Ffordd Maelog, Rhosneigr LL64 5QE, UK",,http://www.ymorfa.co.uk/,4.4,312,ChIJIdBPlS-0ZUgR35NdTShSKEI,53.228117,-4.519635
Llyn Parc Mawr Community Woodland,activities,"Niwbwrch, Llanfairpwllgwyngyll LL61 6SU, UK",,https://www.llynparcmawr.org/,4.7,185,ChIJG8WtEzKwZUgRowPnRYrbP9k,53.17601,-4.37478
National Trust - Plas Newydd House and Gardens,activities,"Llanfairpwllgwyngyll LL61 6DQ, UK",01248 714795,https://www.nationaltrust.org.uk/plas-newydd-house-and-garden,4.6,3437,ChIJ5RBCTnipZUgRjMsZLWoimRI,53.20259,-4.216033
Hootons Homegrown Farmer Hootons Tatws Poeth Jacket Potatoes,shops,"Gwydryn Hir, Brynsiencyn, Llanfairpwllgwyngyll LL61 6HQ, UK",01248 430644,http://www.hootonshomegrown.co.uk/,4.4,608,ChIJq9_D2SqpZUgRBo6cTU3oiFo,53.184762,-4.259751
Sosban,eat-and-drink,"Trinity House, 1 High St, Menai Bridge LL59 5EE, UK",01248 208131,http://www.sosbanandtheoldbutchers.com/,4.6,88,ChIJCx3IgPmpZUgR7sfjsrRDJJY,53.226088,-4.162991
Oyster Catcher,eat-and-drink,"Maelog Lake Hotel, Rhosneigr LL64 5JP, UK",01407 812829,https://www.oystercatcheranglesey.co.uk/,4.4,3447,ChIJU7iQSiG0ZUgRTgWut_jGXCs,53.223027,-4.510671
The Tavern on The Bay,eat-and-drink,"Red Wharf Bay, Anglesey LL75 8RJ, UK",01248 852751,http://www.thetavernonthebay.co.uk/,4.4,1878,ChIJvz1WidCqZUgRFeFZhMEe5vo,53.313995,-4.207641
"George & Dragon, Beaumaris",eat-and-drink,"Church St, Beaumaris LL58 8AA, UK",01248 810491,https://www.robinsonsbrewery.com/pubs/george-dragon-beaumaris/,4.4,706,ChIJs76N-BoBZUgRf8Cq7EcOr1c,53.263229,-4.09258
Plas Cadnant Hidden Gardens,activities,"Cadnant Rd, Menai Bridge LL59 5NH, UK",01248 717174,http://www.plascadnant.co.uk/,4.8,1294,ChIJN95pZAOqZUgRki52eTpgUS0,53.236621,-4.165236
Paddlers Return,eat-and-drink,"Porthdafarch Rd, Holyhead LL65 2LP, UK",01407 769351,http://www.paddlersreturn.co.uk/,4.5,105,ChIJd5hsz9bKZUgRAQY-4rCT8M0,53.293168,-4.645287
Seacoast Safaris,activities,"Seacoast Ticket, Pier House, Beaumaris LL58 8BS, UK",07854 028393,https://www.seacoastsafaris.co.uk/,4.8,1014,ChIJwVMQbRoBZUgRkNqHLMAaZIA,53.262707,-4.091332
Oriel Beaumaris,shops,"20a Church St, Beaumaris LL58 8AB, UK",07896 269958,http://www.ian-walton.com/,4.9,40,ChIJCzBjp4ABZUgRb0K0vxFL46w,53.263894,-4.093353
Anglesey Sea Zoo Marine Conservation Centre,activities,"Brynsiencyn, Llanfairpwll LL61 6TQ, UK",01248 430411,http://www.angleseyseazoo.co.uk/,4.1,3468,ChIJNRNTTxWvZUgRkyOZ_mQ9SXs,53.163814,-4.278964
Anglesey Boat Trips,activities,"Pier, Beaumaris LL58 8BS, UK",01248 716335,http://angleseyboattrips.com/,4.9,173,ChIJOcnkGKUBZUgR9duS_zrDpTE,53.262375,-4.091302
Anglesey Transport Museum and Cafe - Tacla Taid,activities,"The Anglesey Transport Museum, Tyddyn Pwrpas, Niwbwrch, Llanfairpwllgwyngyll LL61 6TN, UK",01248 440344,http://www.angleseytransportmuseum.co.uk/,4.6,1827,ChIJwXn3SdCvZUgRoItBBFCTS8A,53.173783,-4.347464
Newborough National Nature Reserve and Forest,activities,"Llanfairpwllgwyngyll LL61 6SG, UK",,https://naturalresources.wales/days-out/places-to-visit/north-west-wales/newborough/?lang=en,4.8,2786,ChIJ31a_cnOwZUgRBPP7HOO2hsY,53.144132,-4.385229
Janet Bell Gallery & Lifestyle Store,shops,"11 Church St, Beaumaris LL58 8AB, UK",01248 810043,http://www.janetbell.co.uk/,4.9,66,ChIJMzD7ZBoBZUgR49idiF3PTuo,53.263623,-4.093224
Beaumaris Castle,activities,"Castle St, Beaumaris LL58 8AP, UK",0300 025 2239,https://cadw.gov.wales/visit/places-to-visit/beaumaris-castle,4.6,8764,ChIJZY7mehABZUgR0Lo3lSoLbEc,53.264835,-4.089699
RibRide,activities,"Porth Daniel, Water St, Menai Bridge LL59 5DE, UK",0333 123 4303,https://www.ribride.co.uk/,4.9,796,ChIJ53nRtvupZUgRHchuMtYIxK8,53.22482,-4.16167
"Four Crosses, Porthaethwy",eat-and-drink,"Pentraeth Rd, Menai Bridge LL59 5RP, UK",01248 712230,https://www.robinsonsbrewery.com/pubs/four-crosses-menai-bridge/,4.3,1521,ChIJd7bCUSCqZUgR1jB-EtCfdHU,53.232076,-4.180035
